<?xml version="1.0" encoding="utf-8"?>
<extension type="component" method="upgrade">
	<name>COM_NEWS</name>
	<author>DeesreX</author>	
	<creationDate>2023-04-03</creationDate>
	<copyright>(C) 2023 Fox5</copyright>
	<license>Not available for commercial use</license>
	<authorEmail>deesrex@fox5.co.za</authorEmail>
	<authorUrl>www.fox5.co.za</authorUrl>
	<version>1.6.7.1</version>
	<description>COM_NEWS_XML_DESCRIPTION</description>
	<namespace path="src">Fox5\Component\News</namespace>

	<updateservers>
		<server type="extension" priority="1" name="News updater">https://github.com/DeesreX/silver-octo-happiness/raw/master/news_updates.xml</server>
	</updateservers>
	<dlid prefix="dlid="/>

	<!-- <files folder='site'>
		<folder>src</folder>
		<folder>tmpl</folder>
	</files> -->

	<administration>
		<menu img="class:icon-folder" link="index.php?option=com_news">COM_NEWS_MENU_NEWS</menu>
		<submenu>
			<menu img="class:icon-folder" link="option=com_categories&amp;view=categories&amp;extension=com_news" view="categories">COM_NEWS_MENU_CATEGORIES</menu>
			<menu img="class:icon-folder" link="option=com_news" view="news">COM_MENU_NEW_NEWS</menu>
		</submenu>
		
		<scriptfile>script.php</scriptfile>
		<files folder="admin">
			<filename>access.xml</filename>
			<filename>config.xml</filename>
			<filename>news_updates.xml</filename>
			<folder>forms</folder>
			<folder>helpers</folder>
			<folder>services</folder>
			<folder>sql</folder>
			<folder>src</folder>
			<folder>tmpl</folder>
		</files>
	</administration>
</extension>