<updates>
    <update>
        <name>News Component</name>
        <description>News component installation</description>
        <element>com_news</element>
        <type>component</type>
        <version>1.6.4</version>
        <downloads>
            <downloadurl type="full" format="zip">
                https://github.com/DeesreX/silver-octo-happiness/raw/master/Builds/com_news-v1.6.4.zip
                <sha256>0D9233F82D6575B124CE1ABD46DF5DB10F986DB001D7A2525B4F7EDE59851B5D</sha256>
            </downloadurl>
        </downloads>
        <maintainer>DeesreX</maintainer>
        <maintainerurl>https://yourwebsite.com</maintainerurl>
        <targetplatform name="joomla" version="4" />
        <tags>
            <tag>stable</tag>
        </tags>
        <changelog>https://github.com/DeesreX/silver-octo-happiness/raw/master/CHANGELOG.md
        </changelog>
    </update>


</updates>