<updates>
    <update>
        <name>News Component</name>
        <description>News component description</description>
        <element>com_news</element>
        <type>component</type>
        <version>1.3.3</version>
        <infourl title="News Component Website">https://yourcomponentwebsite.com</infourl>
        <downloads>
            <downloadurl type="full" format="zip" extra_query="update_key={23744732}">
                https://github.com/DeesreX/silver-octo-happiness/blob/master/Builds/com_news-v1.3.3.zip</downloadurl>
        </downloads>
        <maintainer>DeesreX</maintainer>
        <maintainerurl>https://yourwebsite.com</maintainerurl>
        <targetplatform name="joomla" version="4" />
        <tags>
            <tag>stable</tag>
        </tags>
    </update>
</updates>