<?xml version="1.0" encoding="utf-8"?>
<extension type="component" method="upgrade">
	<name>COM_NEWS</name>
	<author>DeesreX</author>
	<creationDate>2023-04-03</creationDate>
	<copyright>(C) 2023 Fox5</copyright>
	<license>Not available for commercial use</license>
	<authorEmail>deesrex@fox5.co.za</authorEmail>
	<authorUrl>www.fox5.co.za</authorUrl>
	<version>1.2.1</version>
	<description>COM_NEWS_XML_DESCRIPTION</description>
	<namespace path="src">Fox5\Component\News</namespace>

	<updates>
		<update>
			<name>News Component</name>
			<description>News component description</description>
			<element>com_news</element>
			<type>component</type>
			<version>1.2.2</version>
			<client>0</client>
			<infourl title="News Component Website">https://yourcomponentwebsite.com</infourl>
			<downloads>
				<downloadurl type="full" format="zip">https://github.com/DeesreX/silver-octo-happiness/raw/master/Builds/com_news-v1.2.2.zip</downloadurl>
			</downloads>
			<maintainer>DeesreX</maintainer>
			<maintainerurl>https://yourwebsite.com</maintainerurl>
			<targetplatform name="joomla" version="4" />
		</update>
	</updates>

	<!-- <media destination="com_news" folder="media">
		<folder>js</folder>
		<folder>css</folder>
	</media> -->

	<administration>
		<menu>COM_NEWS_MENU_NEWS
			<submenu>
				<menu link="index.php?option=com_categories&amp;extension=com_news" img="class:icon-folder">
					COM_NEWS_MENU_CATEGORIES
				</menu>
			</submenu>
		</menu>
		


		<files folder="admin">
			<filename>access.xml</filename>
			<filename>news.xml</filename>
			<filename>config.xml</filename>
			<folder>forms</folder>
			<folder>helpers</folder>
			<folder>services</folder>
			<folder>sql</folder>
			<folder>src</folder>
			<folder>tmpl</folder>
		</files>
		<!-- <languages folder="admin">
			<language tag="en-GB">language/en-GB/com_news.ini</language>
			<language tag="en-GB">language/en-GB/com_news.sys.ini</language>
		</languages> -->

		<updateservers>
			<server type="extension" name="News updater">https://github.com/DeesreX/silver-octo-happiness/raw/master/news.xml</server>
		</updateservers>
	</administration>
</extension>