<updates>
    <update>
        <changelogurl>https://github.com/DeesreX/silver-octo-happiness/raw/master/changelog.xml</changelogurl>
        <name>News Component</name>
        <description>News component description</description>
        <element>com_news</element>
        <type>component</type>
        <version>1.4.4</version>
        <infourl title="News Component Website">https://yourcomponentwebsite.com</infourl>
        <downloads>
            <downloadurl type="full" format="zip">https://github.com/DeesreX/silver-octo-happiness/raw/master/Builds/com_news-v1.4.4.zip</downloadurl>
        </downloads>


        <maintainer>DeesreX</maintainer>
        <maintainerurl>https://yourwebsite.com</maintainerurl>
        <targetplatform name="joomla" version="4" />
        <tags>
            <tag>stable</tag>
        </tags>
    </update>
</updates>