<updates>
    <update>
        <name>News Component</name>
        <description>News component installation</description>
        <element>com_news</element>
        <type>component</type>
        <version>1.6.2</version>
        <downloads>
            <downloadurl type="full" format="zip">
                https://github.com/DeesreX/silver-octo-happiness/raw/master/Builds/com_news-v1.6.0.3.zip
                <sha256>2270803FF494151204FD1CA4A9A57A3C48CA1221FEBC7A3A4EED3CF7B009926D</sha256>
            </downloadurl>
        </downloads>
        <maintainer>DeesreX</maintainer>
        <maintainerurl>https://yourwebsite.com</maintainerurl>
        <targetplatform name="joomla" version="4" />
        <tags>
            <tag>stable</tag>
        </tags>
        <changelog>https://github.com/DeesreX/silver-octo-happiness/raw/master/CHANGELOG.md
        </changelog>
    </update>


</updates>