<updates>
    <update>
        <name>News Component</name>
        <description>News component installation</description>
        <element>com_news</element>
        <type>component</type>
        <version>1.6.7</version>
        <downloads>
            <downloadurl type="full" format="zip">
                https://github.com/DeesreX/silver-octo-happiness/raw/master/Builds/com_news-v1.6.7.zip
                <sha256>9B10356F607C0506814509CFDB45F481EC36AD0FB4254E5EAEA6FFDD3390DEB6</sha256>
            </downloadurl>
        </downloads>
        <maintainer>DeesreX</maintainer>
        <maintainerurl>https://yourwebsite.com</maintainerurl>
        <targetplatform name="joomla" version="4" />
        <tags>
            <tag>stable</tag>
        </tags>
        <changelog>https://github.com/DeesreX/silver-octo-happiness/raw/master/CHANGELOG.md
        </changelog>
    </update>


</updates>