<updates>
    <update>
        <name>News Component</name>
        <description>News component installation</description>
        <element>com_news</element>
        <type>component</type>
        <version>1.6.7</version>
        <downloads>
            <downloadurl type="full" format="zip">
                https://github.com/DeesreX/silver-octo-happiness/raw/master/Builds/com_news-v1.6.7.zip
                <sha256>1A6B28AD6C5600FF51DEE377B32B853239B6D6E598489993894E7711F9191C08</sha256>
            </downloadurl>
        </downloads>
        <maintainer>DeesreX</maintainer>
        <maintainerurl>https://yourwebsite.com</maintainerurl>
        <targetplatform name="joomla" version="4" />
        <tags>
            <tag>stable</tag>
        </tags>
    </update>
    <changelog>https://github.com/DeesreX/silver-octo-happiness/raw/master/CHANGELOG.md</changelog>
</updates>