<updates>
    <update>
        <name>News Component</name>
        <description>News component installation</description>
        <element>com_news</element>
        <type>component</type>
        <version>1.6.0.3</version>
        <downloads>
            <downloadurl type="full" format="zip">
                https://github.com/DeesreX/silver-octo-happiness/raw/master/Builds/com_news-v1.5.2.zip
                <sha256>E9655207385BBA79DF152CFE128A5BA94444A5E0A5A3A0EBCB8CF1FDB95E3BFF</sha256>
            </downloadurl>
        </downloads>
        <maintainer>DeesreX</maintainer>
        <maintainerurl>https://yourwebsite.com</maintainerurl>
        <targetplatform name="joomla" version="4" />
        <tags>
            <tag>stable</tag>
        </tags>
        <changelog>https://github.com/DeesreX/silver-octo-happiness/raw/master/CHANGELOG.md
        </changelog>
    </update>


</updates>