<updates>
    <update>
        <name>Your Component Name</name>
        <description>Your component description</description>
        <element>com_yourcomponent</element>
        <type>component</type>
        <version>1.0.4</version>
        <client>0</client>
        <infourl title="Your Component Website">https://yourcomponentwebsite.com</infourl>
        <downloads>
            <downloadurl type="full" format="zip">https://github.com/DeesreX/silver-octo-happiness/raw/master/updates.xml</downloadurl>
        </downloads>
        <maintainer>Your Name</maintainer>
        <maintainerurl>https://yourwebsite.com</maintainerurl>
        <targetplatform name="joomla" version="4" />
    </update>
</updates>
