<updates>
    <update>
        <name>Your Component Name</name>
        <description>Your component description</description>
        <element>com_news</element>
        <type>component</type>
        <version>1.0.8</version>
        <client>0</client>
        <infourl title="Your Component Website">https://yourcomponentwebsite.com</infourl>
        <downloads>
            <downloadurl type="full" format="zip">https://github.com/DeesreX/silver-octo-happiness/raw/master/Builds/com_news-v1.0.8.zip</downloadurl>
        </downloads>
        
        <maintainer>DeesreX</maintainer>
        <targetplatform name="joomla" version="4" />
    </update>
</updates>
